<core:FragmentDefinition xmlns:core="sap.ui.core" xmlns="sap.m" xmlns:f="sap.ui.layout.form">
    <f:SimpleForm>
        <f:content>
            <Label text="Name"></Label>
            <Text text="{NAME}"></Text>
            <Label text="Description"></Label>
            <Text text="{DESCRIPTION}"></Text>
            <Label text="Price"></Label>
            <Text text="{PRICE} {CURRENCY_CODE}"></Text>
            <core:Title text="Supplier Data"></core:Title>
            <Label text="Name"></Label>
            <Text text="{To_Supplier/COMPANY_NAME}"></Text>
            <Label text="Location"></Label>
            <Text text="{To_Supplier/CITY}, {To_Supplier/COUNTRY}"></Text>
            <Label text="BP ID"></Label>
            <Text text="{To_Supplier/BP_ID}"></Text>
        </f:content>
    </f:SimpleForm>
</core:FragmentDefinition>    